Accessories,No Pen
Accessories,Pen
Accessories,No stick
Accessories,On stick
Age,Age 16
Age,Age 21
Age,Age 30
Age,Age 40
Age,Age 50
Age,Age 60
Age,40
Age,50
Assorted set of,High Heel Cabs
Assorted set of,Tshirts
Bear,boy
Bear,Girl
Candidate,Combo
Candidate,Obama
Candidate,Romney
Candidate,Vote Obama
Candidate,Vote Romney
Choose your Game,Game Day??
Choose your Game,New England vs. Baltimore
Choose your Game,San Francisco vs. Atlanta
Color,Cotton Candy Blue
Color,Sprinkle
Color,Vanilla
Color,Butter
Color,Lilac
Color,Silver Dust
Color,Sprinkle
Color,Cotton Candy Blue
Color,Lilac
Color,Melon
Color,Sprinkle
Color,Butter
Color,Cotton Candy Blue
Color,Melon
Color,Sprinkle
Color,Butter
Color,Cotton Candy Blue
Color,Sprinkle
Color,Candy Apple
Color,Luster Dust
Color,Mint
Color,Plum
Color,Royal Icing Blue
Color,Brown Sugar
Color,Licorace
Color,Vanilla
Color,Blue/Blue
Color,Blue/Green
Color,Purple/Pink
Color,Yellow/Orange
Color,Apricot
Color,Blueberry
Color,Cotton Candy Blue
Color,Lime
Color,Sprinkle
Color,Taffy
Color,Lemon Zest
Color,Lilac
Color,Sprinkle
Color,Strawberry
Color,Vanilla
Color,Light Blue
Color,Yellow
Color,Green
Color,Blue
Color,Sprinkle
Color,Brown
Color,Candy Apple
Color,Licorice
Color,Luster Dust
Color,Mint
Color,Plum
Color,Royal Icing Blue
Color,Teal
Color,Butter
Color,Cotton Candy Blue
Color,Lilac
Color,Sprinkle
Color,Orange
Color,Pink
Color,Yellow
Color,Apricot
Color,Candy Apple
Color,Luster Dust
Color,Sprinkle
Color,Candy Apple
Color,Luster Dust
Color,Gray
Color,Red/Blue
Color,Blue
Color,Green
Color,Orange
Color,Pink
Color,Purple
Color,Yellow
Color,Blue
Color,Green
Color,Sprinkle
Color,Brown
Color,Sprinkle
Color,Yellow
Color,White
Color,Vanilla
Color,Pink
Color,Cotton Candy Blue
Color,Vanilla
Color,"Red, Orange, Yellow, Blue, Pink"
Color,Royal Icing Blue
Color,Blue
Color,Lilac
Color,Pink
Color,Pink
Color,Red
Color,Green
Color,Light Blue
Color,Lemon Zest
Color,Lilac
Color,Green
Color,purple
Color,Red/Blue
Color,Green
Color,Green
Color,Pink
Color,Red
Color,Pink
Color,Apricot
Color,Yellow
Color,Melon
Color,Black
Color,Blue
Color,Cotton Candy Blue
Color,White
Color,Cotton Candy Blue
Color,Butter
Color,Blue
Color,Licorace
Color,Green
Color,Sprinkle
Color,Lilac
Color,"Red, Green, Yellow, Blue, Black"
Color,Mint
Color,Butter
Color,Yellow
Color,Strawberry
Color,Strawberry
Color,Yellow
Color,Blue
Color,Black
Color,Gray
Color,Light Blue
Color,Blue
Color,Blue
Color,Blue
Color,Blue
Color,Lilac
Color,Blue
Color,Yellow
Color,Purple
Color,Red
Color,Sprinkle
Color,Lilac
Color,Cotton Candy Blue
Color,Green
Color,Plum
Color,Apricot
Color,Strawberry
Color,Yellow
Color,Teal
Color,Purple
Color,Brown
Color,Black
Color,Butter
Color,Lime
Color,Pink
Color,Red
Color,Green
Color,Candy Apple
Color,Dark Blue
Color,Pink
Color,Green
Color,Sprinkle
Color,Mint
Color,Red
Color,Vanilla
Color,Melon
Color,Sprinkle
Color,Pink
Color,Luster Dust
Color,Purple/Pink
Color,Lemon Zest
Color,Sprinkle
Color,"Red, Green"
Color,Brown
Color,Yellow
Color,Orange
Color,Purple
Color,Blue
Color,Blue
Color,Lilac
Color,Lilac
Color,Green
Color,White
Color,Luster Dust
Color,Pink
Color,Purple
Color,Red
Color,Yellow
Color,Cotton Candy Blue
Color,White
Color,Blue
Color,Red
Color,Sprinkle
Color,Butter
Color,Candy Apple
Color,Grey
Color,Blue/Green
Color,Sprinkle
Color,Blue
Color,"Pink, Purple"
Color,Licorice
Color,Orange
Color,Pink
Color,Pink
Color,Brown/Grey
Color,Pink
Color,Purple
Color,Blue
Color,Plumb
Color,Blue
Color,Yellow
Color,Apricot
Color,Pink
Color,Green
Color,Blue
Color,Orange
Color,Blue and Yellow
Color,Blue
Color,Pink
Color,Blue
Color,Lilac
Color,Melon
Color,Royal Icing Blue
Color,Blue
Color,Yellow/Orange
Color,Blueberry
Color,Green
Color,"Brown, Orange"
Color,Plum
Color,Pink
Color,Yellow
Color Scheme,Bright
Color Scheme,Pastel
Cupcake Flavor,Vanilla
Cupcake Flavor,"Half Chocolate, Half Vanilla"
Cupcake Flavor,Chocolate
Edible Ink Colors,Orange & Yellow
Edible Ink Colors,Blue & Red
Edible Ink Colors,Pink & Purple
Flavor,Choco Toffe
Flavor,Choc Chip
Flavor,Butter Scotch
Flavor,Sugar
Flavor,Chocolate
Flavor,Sugar
Flavor,Vanilla
Flavor,Pink Sugar
Flavor,Chocolate
Flavor,Chocolate
Flavor,Oatmeal ChocChip
Flavor,Ginger
Flavor,Ginger Snappy
Flavor,Ginger
Flavor,Pumpkin
Flower candle colors,Blue
Flower candle colors,Pink
Font,Fancy Scirpt
Font,Block
Font Color,White
Font Color,Navy Blue
Font Color,Purple
Font Color,Sage Green
Font Color,Gold
Font Color,Turqouise
Font Color,Silver
Font Color,Purple
Font Color,Rose Pink
Font Color,Blue
Font Color,Rose Pink
Font Color,Navy Blue
Font Color,Pink
Font Color,Turqouise
Font Color,Sage Green
Gender,Girl
Gender,Boy
Gender,Girl
Gender,Boy
Gender,Surprise
Hair Color,Blonde
Hair Color,Red
Hair Color,Black
Hair Color,Brown
Hair Color,Blonde
Hair Color,Orange
Hair Color,Red
Hair Color,Purple
Hair Color,Black
Hair Color,Green
Hair Color,Brown
Heel Color,White
Heel Color,Red
Heel Color,Blue
Heel Color,Assorted Set
Heel Color,Purple
I'm a...,Samantha
I'm a...,Carrie
I'm a...,Assorted Set
I'm a...,Charlotte
I'm a...,Miranda
Icing Color,Red
Icing Color,Brown
Number of Letters,2
Number of Letters,1
Pen Color,"Pink, Purple, Yellow, Orange, and Red"
Pen Color,"Green, Blue, Black, Brown, and Yellow"
Pen Color,Red and Green
Pen Color,Pink and Purple
Pen Color,Brown and Orange
Pen Color,Black and Orange
Pen Color,Yellow and Blue
Pen Pack,5 Pack
Pen Pack,18 Pack
Pen Pack,9 Pack
Pen Pack,2 Pack
Pen Pack,4 Pack
Political Party,Election 2012
Political Party,Democrat
Political Party,Republican
Quantity,Half Dozen
Quantity,Dozen
Shape,Circle
Shape,Small Circle
Shape,Large Circle
Shape,Square
Shape,Framed Square
Shape,Circle
Shape,Framed Circle
Shape,Framed Large Rectangle
Shape,Square
Shape,Apple
Shape,Large Square
Shape,Rectangle
Shape,Square
Shape,Large Rectangle
Sibling,Big Brother
Sibling,Big Sister
Sigil,Baratheon
Sigil,Lannister
Sigil,Stark
Sigil,Tyrell
Sigil,Targaryen
Size,"Double Layer Large, 34 cookies"
Size,"Medium, 28 cookies"
Size,"Single Layer Medium, 9 cookies"
Size,Original
Size,Double Small
Size,"Double Layer Large, 36 Cookies"
Size,12-pack
Size,"Large, 32 cookies"
Size,"Small, 8 cookies"
Size,"Medium, 28 cookies"
Size,Small
Size,"Small, 12 cookies"
Size,"Double Layer Small, 8 cookies"
Size,"Double Layer Medium, 21 cookies"
Size,"Double Layer Medium, 18 cookies"
Size,Single Small
Size,"Small, 8 cookies"
Size,Large
Size,"Double Layer Medium, 20 Cookies"
Size,"Medium, 20 cookies"
Size,6-pack
Size,"Medium, 18 cookies"
Size,Small
Size,"Small, 12 cookies"
Size,Large
Size,"Small, 4 cookies"
Size,"Single Layer Small, 4 cookies"
Size,"Double Layer Small, 8 cookies"
Size,"Medium, 22 cookies"
Size,Small
Size,"Small, 13 cookies"
Size,"Medium, 18 cookies"
Size,Medium
Size,Double Layer Medium
Size,"Double Layer Medium, 20 cookies"
Size,Single pack
Size,"Double Layer Medium, 18 cookies"
Size,Large
Size,Brooklyn (mini)
Size,"Double Layer Large, 40 cookies"
Size,"Single Layer Small, 6 cookies"
Size,"Medium, 18 Cookies"
Size,"Medium, 20 cookies"
Size,"Small, 8 cookies"
Size,Large
Size,Single Layer Small
Size,Mini
Size,Single Medium
Size,"Single Layer Small, 5 cookies"
Size,"Double Layer Small, 8 cookies"
Size,"Double Layer Small, 8 cookies"
Size,Small
Size,Manhattan (standard)
Size,"Double Layer Medium, 24 cookies"
Size,"Double Layer Medium, 22 cookies"
Size,"Small, 8 Cookies"
Size,"Small, 12 cookies"
Size,"Small, 8 Cookies"
Size,"Large, 38 cookies"
Size,Regular
Size,"Double Layer Large, 42 cookies"
Size,"Double Layer Medium, 20 sugar cookies"
Size,"Small, 4 cookies"
Size,Double Layer Small
Size,Standard
Size,"Small, 12 cookies"
Size,"Small, 12 cookies"
Size,"Large, 44 cookies"
Size,"Medium, 18 Cookies"
Size,"Medium, 26 cookies"
Size,Large
Size,Double Small
Size,"Double Layer Medium, 24 cookies"
Size,"Single Layer Medium, 10 sugar cookies"
Size,"Small, 5 cookies"
Size,Small
Size,Mini
Size,"Medium, 24 cookies"
Size,"Medium, 24 cookies"
Size,"Medium, 18 cookies"
Size,Small
Size,Single Small
Size,"Single Layer Large, 18 cookies"
Size,"Medium, 22 cookies"
Size,Deluxe
Size,Double Medium
Size,"Small, 8 cookies"
Size,"Small, 8 cookies"
Size,"Medium, 18 cookies"
Size,"Large, 40 cookies"
Skin Color,Espresso
Skin Color,Honey
Skin Color,Porcelain
Sport,Tennis
Sport,Baseball
Sport,Soccer
Sport,Football
Sprinkles,Rainbow
Sprinkles,White
Sprinkles,American
Style,Santa
Style,With Edible Markers
Style,Without Edible Markers
Style,Reindeer
Super Bowl Team,Giants
Super Bowl Team,Giants
Super Bowl Team,Patriots
Super Bowl Team,New England
Super Bowl Team,New York
Super Bowl Team,New York
Super Bowl Team,New England
Super Bowl Team,Patriots
Text Color,Black
Text Color,Orange
Type,Candy Canes
Type,Pumpkin
Type,Jack O'Lantern
Type,Candy Stripes
Will you be my..,Bridesmaid
Will you be my..,Maid of Honor
With,No Stick
With,Stick
Color,Blue
Color,Pink
Color,Purple
Color,Blue
Frame,Stripes
Frame,Fancy
Frame,Dots
Frame,Solid
Frosting,Candy Apple
Frosting,Taffy
Frosting,Strawberry
Frosting,Sprinkle
Frosting,Melon
Frosting,Lime
Frosting,Lilac
Frosting,Lemon Zest
Frosting,Butter
Frosting,Cotton Candy Blue
Accent,Strawberry
Accent,Sprinkle
Accent,Melon
Accent,Lime
Accent,Lilac
Accent,Lemon Zest
Accent,Cotton Candy Blue
Accent,White
Accent,Butter
Accent,Taffy
Color,Butter
Color,Luster Dust
Color,Sprinkle
Color,Candy Apple
Color,Taffy
Color,Blueberry
Color,Orange
Color,Blueberry
Color,Lime
Color,Silver
Color,Silver
Color,Lemon Zest
Color,Lime
Color,Navy
Color,Purple
Color,Apricot
Color,Lilac
Color,Sage
Color,Gold
Color,Luster Dust
Color,Mint
Color,Blue and Green
Color,Pink/White
Color,Lemon Zest
Color,Royal Icing Blue
Color,Apricot
Color,Lilac
Color,Party
Color,Gold
Color,Pomegranate
Color,Pomegranate
Color,Butter Cream Blue
Color,Blue/White
Color,Cotton Candy Blue
Color,Plum
Color,Butter
Color,Cotton Candy Blue
Color,Soft Yellow
Color,Candy Apple
Color,Mint
Color,Taffy
Color,Sprinkle
Color,Sage
Color,Plum
Color,Soft Blue and Green
Color,Butter Cream Blue
Color,Melon
Color,Strawberry
Color,Strawberry
Color,Melon
Color,Royal Icing Blue
Color,Pink and Purple
Cupcake Flavor,"Half Chocolate, Half Red Velvet"
Cupcake Flavor,"Half Chocolate, Half Vanilla"
Cupcake Flavor,Vanilla
Cupcake Flavor,Chocolate
Cupcake Flavor,"Half Vanilla, Half Red Velvet"
Cupcake Flavor,Red Velvet
Age,78
Age,86
Age,94
Age,6
Age,14
Age,22
Age,30
Age,38
Age,46
Age,54
Age,62
Age,70
Age,77
Age,85
Age,93
Age,5
Age,13
Age,21
Age,29
Age,37
Age,45
Age,53
Age,61
Age,69
Age,76
Age,84
Age,92
Age,100
Age,4
Age,12
Age,20
Age,28
Age,36
Age,44
Age,52
Age,60
Age,68
Age,75
Age,83
Age,91
Age,99
Age,3
Age,11
Age,19
Age,27
Age,35
Age,43
Age,51
Age,59
Age,67
Age,74
Age,82
Age,90
Age,98
Age,2
Age,10
Age,18
Age,26
Age,34
Age,42
Age,50
Age,58
Age,66
Age,73
Age,81
Age,89
Age,97
Age,1
Age,9
Age,17
Age,25
Age,33
Age,41
Age,49
Age,57
Age,65
Age,72
Age,80
Age,88
Age,96
Age,8
Age,16
Age,24
Age,32
Age,40
Age,48
Age,56
Age,64
Age,79
Age,87
Age,95
Age,7
Age,15
Age,23
Age,31
Age,39
Age,47
Age,55
Age,63
Age,71
